,ttB1,ttB2,ttC,ttD1,ttD2,ttE1,ttE2,word,behavior,name
0,3335.4,5373.36,301.28,197.46,23.34,1246.14,31.92,B2B1E1CD1E2D2,"MS,ME,Le,MA",Trial01
1,5239.12,17547.2,78.32,433.07,85.6,55.5,26.91,B2B1D1D2CE1E2,"MS,ME,Me,LA",Trial02
2,22.4,1629.46,752.7,1286.4,141.21,548.15,6.01,B2D1CE1D2B1E2,"MS,ME,Me,LA",Trial03
3,341.46,3381.4,274.8,1.22,0.0,260.34,27.62,B2B1CE1E2D1,"MS,ME,Ae,MA",Trial04
4,1935.63,1224.16,614.64,431.2,41.65,843.25,0.0,B1B2E1CD1D2,"HS,ME,Le,AA",Trial05
5,0.46,159.2,267.4,36.0,0.0,3672.2,1109.34,E1E2CB2D1B1,"LS,ME,Ae,MA",Trial06
6,129.12,1879.92,1980.0,192.83,347.97,170.4,0.0,CB2D2D1E1B1,"LS,HE,Me,AA",Trial07
7,271.04,3687.84,382.45,1.57,0.0,3.16,0.0,B2CB1E1D1,"MS,ME,Ae,AA",Trial08
8,0.0,0.0,0.0,0.0,0.0,0.0,0.0,,"AS,AE,Ae,AA",Trial09
9,5717.4,2411.86,399.6,451.99,20.34,842.4,283.68,B1B2E1D1CE2D2,"HS,ME,Le,MA",Trial10
10,8.96,71.96,336.0,268.3,0.0,4855.88,411.39,E1E2CD1B2B1,"LS,ME,Ae,MA",Trial11
11,657.84,954.46,57.68,152.88,58.16,0.0,0.0,B2B1D1D2C,"MS,LE,Me,AA",Trial12
12,12.18,2144.0,906.62,4347.98,569.25,14.66,0.0,D1B2CD2E1B1,"LS,ME,Me,AA",Trial13
13,3.6,201.84,116.05,541.59,0.0,33.72,0.0,D1B2CE1B1,"LS,ME,Ae,AA",Trial14
14,95.28,3666.87,197.12,5.34,0.0,258.72,19.86,B2E1CB1E2D1,"MS,ME,Ae,MA",Trial15
15,0.0,0.0,0.0,0.0,0.0,544.7,364.2,E1E2,"AS,AE,Ae,LA",Trial16
16,0.42,28.24,159.8,96.18,6.66,3339.45,377.64,E1E2CD1B2D2B1,"LS,ME,Me,MA",Trial17
17,0.0,0.0,0.0,0.0,0.0,3.46,0.0,E1,"AS,AE,Ae,AA",Trial18
18,0.0,0.0,11.88,0.0,0.0,1115.4,0.0,E1C,"AS,LE,Ae,AA",Trial19
19,0.0,0.0,0.0,0.0,0.0,0.0,0.0,,"AS,AE,Ae,AA",Trial20
20,0.0,0.0,12.42,0.0,0.0,899.68,139.74,E1E2C,"AS,LE,Ae,MA",Trial21
21,0.0,0.0,6.61,0.0,0.0,247.96,0.0,E1C,"AS,LE,Ae,AA",Trial22
22,0.0,0.0,0.0,0.0,0.0,0.0,0.0,,"AS,AE,Ae,AA",Trial23
23,1.15,553.04,205.3,0.0,0.0,3669.38,3058.05,E1E2B2CB1,"LS,ME,Ae,MA",Trial24
24,20.23,536.64,41.86,0.0,0.0,3483.34,1351.42,E1E2B2CB1,"LS,ME,Ae,MA",Trial25
25,993.3,2139.46,59.71,126.68,0.0,976.68,407.16,B2B1E1E2D1C,"MS,LE,Ae,MA",Trial26
26,7.36,338.45,1810.16,567.2,0.0,842.16,143.24,CE1D1B2E2B1,"LS,HE,Ae,MA",Trial27
27,0.0,0.0,0.0,0.0,0.0,15.93,690.62,E2E1,"AS,AE,Ae,HA",Trial28
28,0.0,13.81,89.55,0.0,0.0,481.86,0.0,E1CB2,"AS,ME,Ae,AA",Trial29
29,1673.2,512.4,433.62,0.1,0.0,429.4,21.84,B1B2CE1E2D1,"HS,ME,Ae,MA",Trial30
30,331.8,1223.88,111.78,0.0,0.0,589.72,20.54,B2E1B1CE2,"MS,ME,Ae,LA",Trial31
31,0.0,121.8,518.14,1768.5,338.85,901.25,220.56,D1E1CD2E2B2,"AS,ME,Me,MA",Trial32
32,10228.13,13966.4,1538.46,511.0,0.0,461.61,1.84,B2B1CD1E1E2,"MS,ME,Ae,LA",Trial33
33,212.73,3672.56,1199.25,158.7,0.0,572.94,17.58,B2CE1B1D1E2,"MS,ME,Ae,LA",Trial34
34,0.0,12.28,249.62,0.0,0.0,1665.85,80.68,E1CE2B2,"AS,ME,Ae,MA",Trial35
35,25.83,366.4,284.46,611.9,761.88,208.08,0.0,D2D1B2CE1B1,"LS,ME,He,AA",Trial36
36,68.04,551.0,486.59,541.2,49.4,1423.2,408.87,E1B2D1CE2B1D2,"MS,ME,Le,MA",Trial37
37,12464.2,24122.25,842.24,373.12,0.0,24.98,0.0,B2B1CD1E1,"MS,ME,Ae,AA",Trial38
38,681.5,1179.1,58.95,0.0,0.0,687.3,41.94,B2E1B1CE2,"MS,ME,Ae,LA",Trial39
39,3960.88,5512.03,305.32,757.3,269.22,1963.16,454.08,B2B1E1D1E2CD2,"MS,ME,Le,MA",Trial40
40,286.4,838.53,316.03,0.0,0.0,3746.7,1766.98,E1E2B2CB1,"LS,ME,Ae,MA",Trial41
41,12.38,2019.69,406.13,27.81,0.0,436.45,0.0,B2E1CD1B1,"LS,ME,Ae,AA",Trial42
42,10459.06,24277.8,312.9,8.48,0.0,367.2,0.0,B2B1E1CD1,"MS,ME,Ae,AA",Trial43
43,112.19,4482.9,2161.35,715.76,0.0,252.1,101.07,B2CD1E1B1E2,"MS,ME,Ae,LA",Trial44
44,585.28,3459.12,254.72,30.12,3.66,168.02,0.0,B2B1CE1D1D2,"MS,ME,Le,AA",Trial45
45,6458.64,2646.74,724.47,13.08,0.0,857.68,0.0,B1B2E1CD1,"HS,ME,Ae,AA",Trial46
46,82.55,1957.3,329.12,0.0,0.0,124.2,0.0,B2CE1B1,"LS,ME,Ae,AA",Trial47
47,259.8,4514.4,1349.64,197.4,3.24,1344.72,97.1,B2CE1B1D1E2D2,"MS,ME,Le,MA",Trial48
48,148.68,2093.85,230.69,375.3,0.03,620.76,2.14,B2E1D1CB1E2D2,"MS,ME,Le,MA",Trial49
49,2738.82,3753.9,288.24,51.06,0.0,10.38,0.0,B2B1CD1E1,"MS,ME,Ae,AA",Trial50
50,0.0,0.0,0.0,0.0,0.0,0.0,248.71,E2,"AS,AE,Ae,HA,LA",Trial51
51,12.44,35.04,25.72,0.0,0.0,1436.68,90.75,E1E2B2CB1,"LS,ME,Ae,MA",Trial52
52,0.0,0.0,0.0,0.0,0.0,0.0,0.85,E2,"AS,AE,Ae,HA,LA",Trial53
53,14349.15,21063.0,446.16,56.04,2.1,289.68,13.26,B2B1CE1D1E2D2,"MS,ME,Le,MA",Trial54
54,127.2,1683.51,93.83,300.54,0.0,736.72,92.25,B2E1D1B1CE2,"MS,ME,Ae,LA",Trial55
55,4769.82,12347.1,1138.59,548.02,0.0,813.0,57.25,B2B1CE1D1E2,"MS,ME,Ae,LA",Trial56
56,3360.63,731.86,198.25,100.52,25.44,0.0,0.0,B1B2CD1D2,"HS,ME,Le,AA",Trial57
57,5845.69,10819.32,239.2,24.24,0.0,579.78,7.05,B2B1E1CD1E2,"MS,ME,Ae,LA",Trial58
58,0.0,0.0,793.56,620.76,0.0,1468.02,0.0,E1CD1,"AS,ME,Ae,AA",Trial59
59,1.35,233.7,315.99,351.9,232.4,987.3,1311.28,E2E1D1CB2D2B1,"LS,ME,Me,HA",Trial60
60,212.23,965.75,825.0,560.76,48.5,4556.69,3023.16,E1E2B2CD1B1D2,"MS,ME,Le,MA",Trial61
61,0.0,0.0,143.36,1043.1,53.97,1630.8,321.88,E1D1E2CD2,"AS,ME,Le,MA",Trial62
62,478.4,2749.95,1014.6,328.59,0.0,893.97,78.78,B2CE1B1D1E2,"MS,ME,Ae,LA",Trial63
63,0.0,0.0,0.57,228.3,8.71,1.65,0.77,D1D2E1E2C,"AS,LE,Me,MA",Trial64
64,83.04,433.44,157.84,0.0,0.0,4334.25,1056.99,E1E2B2CB1,"LS,ME,Ae,MA",Trial65
65,336.78,1479.2,75.84,2945.15,1334.34,176.85,0.0,D1B2D2B1E1C,"MS,LE,Me,AA",Trial66
66,0.0,0.0,0.0,0.0,0.0,0.0,0.0,,"AS,AE,Ae,AA",Trial67
67,691.86,2306.36,94.86,258.72,55.37,718.1,49.63,B2E1B1D1CD2E2,"MS,ME,Me,LA",Trial68
68,5162.56,4721.25,512.64,106.38,0.0,864.54,432.9,B1B2E1CE2D1,"HS,ME,Ae,MA",Trial69
69,0.27,8.7,20.85,308.0,753.25,16.16,3.98,D2D1CE1B2E2B1,"LS,ME,He,MA",Trial70
70,81.0,2623.8,1527.24,650.61,14.88,951.39,48.27,B2CE1D1B1E2D2,"MS,ME,Le,MA",Trial71
71,94.92,789.3,182.7,165.36,139.82,77.0,0.0,B2CD1D2B1E1,"MS,ME,Me,AA",Trial72
72,388.24,2551.38,79.26,0.0,0.0,1168.45,28.01,B2E1B1CE2,"MS,ME,Ae,LA",Trial73
73,1220.98,7252.57,523.04,279.63,28.6,453.18,16.73,B2B1CE1D1D2E2,"MS,ME,Me,LA",Trial74
74,0.0,14.57,41.61,13.01,0.0,2196.15,1974.15,E1E2CB2D1,"AS,ME,Ae,MA",Trial75
75,152.6,1584.66,273.6,102.8,0.0,947.68,200.34,B2E1CE2B1D1,"MS,ME,Ae,MA",Trial76
76,1493.52,1745.52,698.67,563.36,12.92,2711.72,1523.34,E1B2E2B1CD1D2,"MS,ME,Le,MA",Trial77
77,773.76,3235.98,28.05,0.0,0.0,909.8,246.28,B2E1B1E2C,"MS,LE,Ae,MA",Trial78
78,302.04,1387.36,852.24,1265.59,753.0,2147.6,923.01,E1B2D1E2CD2B1,"LS,ME,Me,MA",Trial79
79,2708.2,5446.8,1547.37,0.0,0.0,2132.26,30.95,B2B1E1CE2,"MS,ME,Ae,LA",Trial80
